index,wavelength_nm,flux
0,100.0,0.93861
1,100.901,0.94076
2,101.802,0.95073
3,102.703,0.94747
4,103.604,0.95639
5,104.505,0.95738
6,105.405,0.95636
7,106.306,0.96406
8,107.207,0.96036
9,108.108,0.96668
10,109.009,0.9635
11,109.91,0.96457
12,110.811,0.96903
13,111.712,0.97397
14,112.613,0.96532
15,113.514,0.96599
16,114.414,0.97003
17,115.315,0.97281
18,116.216,0.96708
19,117.117,0.96344
20,118.018,0.96877
21,118.919,0.95587
22,119.82,0.96379
23,120.721,0.9551
24,121.622,0.95149
25,122.523,0.94935
26,123.423,0.94988
27,124.324,0.95433
28,125.225,0.94521
29,126.126,0.9487
30,127.027,0.94828
31,127.928,0.94421
32,128.829,0.94569
33,129.73,0.93954
34,130.631,0.93945
35,131.532,0.94147
36,132.432,0.94774
37,133.333,0.9456
38,134.234,0.94545
39,135.135,0.95023
40,136.036,0.95047
41,136.937,0.95075
42,137.838,0.95907
43,138.739,0.96056
44,139.64,0.95797
45,140.541,0.96499
46,141.441,0.96762
47,142.342,0.97518
48,143.243,0.97689
49,144.144,0.97511
50,145.045,0.98695
51,145.946,0.98013
52,146.847,0.98719
53,147.748,0.99462
54,148.649,0.99059
55,149.55,0.99769
56,150.45,0.99515
57,151.351,1.0053
58,152.252,1.0088
59,153.153,1.00854
60,154.054,1.01388
61,154.955,1.0085
62,155.856,1.01408
63,156.757,1.01349
64,157.658,1.01356
65,158.559,1.01192
66,159.459,1.01598
67,160.36,1.0163
68,161.261,1.00934
69,162.162,1.00995
70,163.063,1.00068
71,163.964,1.00602
72,164.865,1.00271
73,165.766,1.00393
74,166.667,0.99871
75,167.568,0.98888
76,168.468,0.98654
77,169.369,0.98625
78,170.27,0.97472
79,171.171,0.97616
80,172.072,0.9688
81,172.973,0.96439
82,173.874,0.95996
83,174.775,0.96485
84,175.676,0.95373
85,176.577,0.95188
86,177.477,0.95055
87,178.378,0.95353
88,179.279,0.94155
89,180.18,0.94379
90,181.081,0.94315
91,181.982,0.94567
92,182.883,0.94379
93,183.784,0.94358
94,184.685,0.93621
95,185.586,0.93788
96,186.486,0.93762
97,187.387,0.94472
98,188.288,0.94676
99,189.189,0.93859
100,190.09,0.94073
101,190.991,0.94353
102,191.892,0.94597
103,192.793,0.95165
104,193.694,0.95578
105,194.595,0.95492
106,195.495,0.95501
107,196.396,0.9633
108,197.297,0.96607
109,198.198,0.97184
110,199.099,0.97987
111,200.0,0.98005
112,200.901,0.9812
113,201.802,0.98555
114,202.703,0.98922
115,203.604,0.98453
116,204.505,0.99724
117,205.405,0.99812
118,206.306,1.0013
119,207.207,1.00215
120,208.108,0.99875
121,209.009,0.99998
122,209.91,0.99728
123,210.811,1.00417
124,211.712,0.99751
125,212.613,0.99747
126,213.514,0.99876
127,214.414,0.99752
128,215.315,0.99871
129,216.216,0.99407
130,217.117,0.99204
131,218.018,0.99227
132,218.919,0.98993
133,219.82,0.99121
134,220.721,0.98521
135,221.622,0.9934
136,222.523,0.98828
137,223.423,0.98072
138,224.324,0.98007
139,225.225,0.97942
140,226.126,0.97797
141,227.027,0.97361
142,227.928,0.98107
143,228.829,0.9818
144,229.73,0.97475
145,230.631,0.97454
146,231.532,0.96966
147,232.432,0.97011
148,233.333,0.9736
149,234.234,0.97363
150,235.135,0.98175
151,236.036,0.97547
152,236.937,0.97592
153,237.838,0.98953
154,238.739,0.98728
155,239.64,0.98588
156,240.541,0.99413
157,241.441,0.99174
158,242.342,1.00182
159,243.243,1.01153
160,244.144,1.01467
161,245.045,1.01735
162,245.946,1.01695
163,246.847,1.02314
164,247.748,1.02571
165,248.649,1.03795
166,249.55,1.04003
167,250.45,1.04787
168,251.351,1.04724
169,252.252,1.05056
170,253.153,1.06204
171,254.054,1.0683
172,254.955,1.07063
173,255.856,1.07369
174,256.757,1.07713
175,257.658,1.07913
176,258.559,1.07555
177,259.459,1.08123
178,260.36,1.08108
179,261.261,1.07854
180,262.162,1.0795
181,263.063,1.08307
182,263.964,1.08298
183,264.865,1.08794
184,265.766,1.09049
185,266.667,1.08339
186,267.568,1.08793
187,268.468,1.08689
188,269.369,1.08456
189,270.27,1.07527
190,271.171,1.07112
191,272.072,1.06858
192,272.973,1.06545
193,273.874,1.06266
194,274.775,1.06474
195,275.676,1.06505
196,276.577,1.06134
197,277.477,1.05405
198,278.378,1.05325
199,279.279,1.05224
200,280.18,1.04103
201,281.081,1.04548
202,281.982,1.04621
203,282.883,1.04264
204,283.784,1.04046
205,284.685,1.03566
206,285.586,1.0308
207,286.486,1.03714
208,287.387,1.03096
209,288.288,1.03615
210,289.189,1.03806
211,290.09,1.03127
212,290.991,1.03171
213,291.892,1.03887
214,292.793,1.03703
215,293.694,1.03139
216,294.595,1.03206
217,295.495,1.03366
218,296.396,1.04412
219,297.297,1.04441
220,298.198,1.03799
221,299.099,1.04764
222,300.0,1.05093
223,300.901,1.0484
224,301.802,1.04594
225,302.703,1.04937
226,303.604,1.0452
227,304.505,1.04441
228,305.405,1.05623
229,306.306,1.05241
230,307.207,1.05063
231,308.108,1.05486
232,309.009,1.04783
233,309.91,1.05167
234,310.811,1.04929
235,311.712,1.03967
236,312.613,1.0375
237,313.514,1.03491
238,314.414,1.03079
239,315.315,1.03104
240,316.216,1.02283
241,317.117,1.02008
242,318.018,1.01162
243,318.919,1.01563
244,319.82,1.00332
245,320.721,0.99867
246,321.622,0.99405
247,322.523,0.99159
248,323.423,0.97932
249,324.324,0.97871
250,325.225,0.96707
251,326.126,0.96077
252,327.027,0.95402
253,327.928,0.94137
254,328.829,0.93995
255,329.73,0.93052
256,330.631,0.92221
257,331.532,0.92582
258,332.432,0.91261
259,333.333,0.91082
260,334.234,0.90875
261,335.135,0.90196
262,336.036,0.89479
263,336.937,0.89307
264,337.838,0.88986
265,338.739,0.88935
266,339.64,0.87834
267,340.541,0.88131
268,341.441,0.87547
269,342.342,0.87408
270,343.243,0.87866
271,344.144,0.87447
272,345.045,0.87441
273,345.946,0.87638
274,346.847,0.87807
275,347.748,0.87252
276,348.649,0.87485
277,349.55,0.87402
278,350.45,0.87469
279,351.351,0.87754
280,352.252,0.87539
281,353.153,0.87712
282,354.054,0.87719
283,354.955,0.88344
284,355.856,0.88113
285,356.757,0.88373
286,357.658,0.88485
287,358.559,0.87681
288,359.459,0.88035
289,360.36,0.88469
290,361.261,0.88294
291,362.162,0.87374
292,363.063,0.87253
293,363.964,0.87509
294,364.865,0.86911
295,365.766,0.86931
296,366.667,0.86524
297,367.568,0.87009
298,368.468,0.86894
299,369.369,0.86757
300,370.27,0.85575
301,371.171,0.85943
302,372.072,0.85558
303,372.973,0.8461
304,373.874,0.85166
305,374.775,0.84935
306,375.676,0.83706
307,376.577,0.84261
308,377.477,0.83281
309,378.378,0.83088
310,379.279,0.83409
311,380.18,0.8296
312,381.081,0.81921
313,381.982,0.8204
314,382.883,0.81969
315,383.784,0.8162
316,384.685,0.81349
317,385.586,0.81439
318,386.486,0.81907
319,387.387,0.81092
320,388.288,0.81807
321,389.189,0.8179
322,390.09,0.81448
323,390.991,0.82035
324,391.892,0.82642
325,392.793,0.82808
326,393.694,0.82613
327,394.595,0.84101
328,395.495,0.84286
329,396.396,0.84963
330,397.297,0.84412
331,398.198,0.85123
332,399.099,0.85395
333,400.0,0.86847
334,400.901,0.86819
335,401.802,0.87246
336,402.703,0.88202
337,403.604,0.89399
338,404.505,0.89898
339,405.405,0.89832
340,406.306,0.903
341,407.207,0.9181
342,408.108,0.91963
343,409.009,0.92671
344,409.91,0.92468
345,410.811,0.92935
346,411.712,0.94169
347,412.613,0.943
348,413.514,0.94292
349,414.414,0.95714
350,415.315,0.95697
351,416.216,0.96212
352,417.117,0.95629
353,418.018,0.96801
354,418.919,0.96065
355,419.82,0.972
356,420.721,0.96858
357,421.622,0.96841
358,422.523,0.97192
359,423.423,0.97711
360,424.324,0.96971
361,425.225,0.96837
362,426.126,0.97333
363,427.027,0.96996
364,427.928,0.96842
365,428.829,0.96903
366,429.73,0.96769
367,430.631,0.96954
368,431.532,0.97098
369,432.432,0.97112
370,433.333,0.97695
371,434.234,0.97187
372,435.135,0.97515
373,436.036,0.97227
374,436.937,0.97554
375,437.838,0.9731
376,438.739,0.97768
377,439.64,0.97695
378,440.541,0.98795
379,441.441,0.98846
380,442.342,0.98712
381,443.243,0.99383
382,444.144,1.00292
383,445.045,0.99682
384,445.946,1.00946
385,446.847,1.00912
386,447.748,1.01439
387,448.649,1.02314
388,449.55,1.02265
389,450.45,1.02893
390,451.351,1.03608
391,452.252,1.04461
392,453.153,1.04192
393,454.054,1.05272
394,454.955,1.05604
395,455.856,1.05988
396,456.757,1.06161
397,457.658,1.06522
398,458.559,1.06574
399,459.459,1.07039
400,460.36,1.0731
401,461.261,1.08422
402,462.162,1.08109
403,463.063,1.08227
404,463.964,1.0832
405,464.865,1.09371
406,465.766,1.09506
407,466.667,1.0932
408,467.568,1.08862
409,468.468,1.08778
410,469.369,1.08758
411,470.27,1.08834
412,471.171,1.08307
413,472.072,1.08448
414,472.973,1.07988
415,473.874,1.0855
416,474.775,1.08256
417,475.676,1.0741
418,476.577,1.06687
419,477.477,1.07173
420,478.378,1.05989
421,479.279,1.05636
422,480.18,1.04792
423,481.081,1.04827
424,481.982,1.04517
425,482.883,1.04133
426,483.784,1.03361
427,484.685,1.03327
428,485.586,1.02344
429,486.486,1.0229
430,487.387,1.01737
431,488.288,1.01788
432,489.189,1.01065
433,490.09,1.00776
434,490.991,1.00877
435,491.892,1.00585
436,492.793,1.00833
437,493.694,1.00622
438,494.595,1.00774
439,495.495,1.00579
440,496.396,1.00596
441,497.297,1.00765
442,498.198,1.00177
443,499.099,1.00123
444,500.0,1.00957
445,500.901,1.00016
446,501.802,1.00781
447,502.703,1.00771
448,503.604,1.00147
449,504.505,1.01196
450,505.405,1.01363
451,506.306,1.01142
452,507.207,1.01358
453,508.108,1.0153
454,509.009,1.00787
455,509.91,1.01294
456,510.811,1.01295
457,511.712,1.01692
458,512.613,1.0163
459,513.514,1.01601
460,514.414,1.01224
461,515.315,1.01475
462,516.216,1.0107
463,517.117,1.00895
464,518.018,1.00115
465,518.919,0.99618
466,519.82,0.99447
467,520.721,0.99394
468,521.622,0.98727
469,522.523,0.99214
470,523.423,0.98463
471,524.324,0.98101
472,525.225,0.97631
473,526.126,0.97208
474,527.027,0.96474
475,527.928,0.95373
476,528.829,0.958
477,529.73,0.95209
478,530.631,0.94382
479,531.532,0.93891
480,532.432,0.93518
481,533.333,0.92295
482,534.234,0.92605
483,535.135,0.91548
484,536.036,0.90882
485,536.937,0.90685
486,537.838,0.90846
487,538.739,0.89853
488,539.64,0.90166
489,540.541,0.90157
490,541.441,0.89327
491,542.342,0.88981
492,543.243,0.88926
493,544.144,0.89042
494,545.045,0.89055
495,545.946,0.88829
496,546.847,0.88855
497,547.748,0.8821
498,548.649,0.88365
499,549.55,0.88599
500,550.45,0.89325
501,551.351,0.88968
502,552.252,0.8948
503,553.153,0.89034
504,554.054,0.89331
505,554.955,0.89837
506,555.856,0.90589
507,556.757,0.90889
508,557.658,0.9115
509,558.559,0.90969
510,559.459,0.91517
511,560.36,0.91724
512,561.261,0.91984
513,562.162,0.91809
514,563.063,0.92964
515,563.964,0.92334
516,564.865,0.93449
517,565.766,0.93552
518,566.667,0.92576
519,567.568,0.93201
520,568.468,0.93699
521,569.369,0.93911
522,570.27,0.9329
523,571.171,0.93044
524,572.072,0.92912
525,572.973,0.93704
526,573.874,0.92703
527,574.775,0.93002
528,575.676,0.92303
529,576.577,0.92569
530,577.477,0.92871
531,578.378,0.91659
532,579.279,0.92244
533,580.18,0.9162
534,581.081,0.91819
535,581.982,0.91342
536,582.883,0.90521
537,583.784,0.91072
538,584.685,0.90339
539,585.586,0.89561
540,586.486,0.89328
541,587.387,0.89726
542,588.288,0.89514
543,589.189,0.89199
544,590.09,0.88899
545,590.991,0.89068
546,591.892,0.88993
547,592.793,0.89615
548,593.694,0.88639
549,594.595,0.89604
550,595.495,0.89814
551,596.396,0.89092
552,597.297,0.90237
553,598.198,0.90194
554,599.099,0.90666
555,600.0,0.90211
556,600.901,0.90618
557,601.802,0.90978
558,602.703,0.92064
559,603.604,0.91953
560,604.505,0.92076
561,605.405,0.92568
562,606.306,0.92806
563,607.207,0.9296
564,608.108,0.93453
565,609.009,0.94758
566,609.91,0.94519
567,610.811,0.95708
568,611.712,0.95278
569,612.613,0.95674
570,613.514,0.96323
571,614.414,0.96267
572,615.315,0.96789
573,616.216,0.97759
574,617.117,0.97911
575,618.018,0.98027
576,618.919,0.97976
577,619.82,0.98444
578,620.721,0.98568
579,621.622,0.9815
580,622.523,0.98369
581,623.423,0.97542
582,624.324,0.98301
583,625.225,0.97869
584,626.126,0.98104
585,627.027,0.97816
586,627.928,0.972
587,628.829,0.96705
588,629.73,0.97526
589,630.631,0.96315
590,631.532,0.96464
591,632.432,0.96034
592,633.333,0.95697
593,634.234,0.95941
594,635.135,0.95942
595,636.036,0.94805
596,636.937,0.95011
597,637.838,0.94329
598,638.739,0.94398
599,639.64,0.93984
600,640.541,0.93517
601,641.441,0.93341
602,642.342,0.93256
603,643.243,0.93984
604,644.144,0.93416
605,645.045,0.9304
606,645.946,0.93856
607,646.847,0.93991
608,647.748,0.93397
609,648.649,0.93122
610,649.55,0.93316
611,650.45,0.93358
612,651.351,0.93855
613,652.252,0.93779
614,653.153,0.94208
615,654.054,0.94506
616,654.955,0.95176
617,655.856,0.95871
618,656.757,0.96035
619,657.658,0.9597
620,658.559,0.96317
621,659.459,0.96798
622,660.36,0.9697
623,661.261,0.97266
624,662.162,0.9727
625,663.063,0.97851
626,663.964,0.98986
627,664.865,0.98263
628,665.766,0.98981
629,666.667,0.99373
630,667.568,0.99865
631,668.468,0.99272
632,669.369,0.99489
633,670.27,0.99581
634,671.171,0.99847
635,672.072,0.99953
636,672.973,1.0058
637,673.874,1.00436
638,674.775,1.00414
639,675.676,0.9931
640,676.577,0.9921
641,677.477,0.99882
642,678.378,0.99938
643,679.279,0.99241
644,680.18,0.99168
645,681.081,0.98237
646,681.982,0.98467
647,682.883,0.9886
648,683.784,0.98485
649,684.685,0.98265
650,685.586,0.98152
651,686.486,0.97037
652,687.387,0.96634
653,688.288,0.96467
654,689.189,0.96707
655,690.09,0.96718
656,690.991,0.96874
657,691.892,0.96484
658,692.793,0.96299
659,693.694,0.96379
660,694.595,0.95984
661,695.495,0.96109
662,696.396,0.95545
663,697.297,0.96527
664,698.198,0.95997
665,699.099,0.96992
666,700.0,0.96872
667,700.901,0.9671
668,701.802,0.96784
669,702.703,0.97253
670,703.604,0.98067
671,704.505,0.98526
672,705.405,0.98233
673,706.306,0.98619
674,707.207,0.99621
675,708.108,1.00165
676,709.009,1.00419
677,709.91,1.00719
678,710.811,1.01674
679,711.712,1.01469
680,712.613,1.0232
681,713.514,1.03005
682,714.414,1.04086
683,715.315,1.04178
684,716.216,1.04916
685,717.117,1.04855
686,718.018,1.04972
687,718.919,1.05364
688,719.82,1.06569
689,720.721,1.06578
690,721.622,1.06385
691,722.523,1.06291
692,723.423,1.07076
693,724.324,1.07466
694,725.225,1.07303
695,726.126,1.07216
696,727.027,1.07782
697,727.928,1.08132
698,728.829,1.07305
699,729.73,1.07055
700,730.631,1.07376
701,731.532,1.07407
702,732.432,1.07633
703,733.333,1.06947
704,734.234,1.07548
705,735.135,1.0735
706,736.036,1.06934
707,736.937,1.06438
708,737.838,1.07221
709,738.739,1.06302
710,739.64,1.06791
711,740.541,1.05976
712,741.441,1.05873
713,742.342,1.06447
714,743.243,1.05837
715,744.144,1.06599
716,745.045,1.06052
717,745.946,1.05711
718,746.847,1.05814
719,747.748,1.06137
720,748.649,1.06557
721,749.55,1.07051
722,750.45,1.06275
723,751.351,1.06789
724,752.252,1.0682
725,753.153,1.0801
726,754.054,1.07314
727,754.955,1.07533
728,755.856,1.07893
729,756.757,1.0866
730,757.658,1.0965
731,758.559,1.10027
732,759.459,1.1025
733,760.36,1.10976
734,761.261,1.11305
735,762.162,1.10986
736,763.063,1.1121
737,763.964,1.12495
738,764.865,1.12635
739,765.766,1.12126
740,766.667,1.1321
741,767.568,1.13164
742,768.468,1.13424
743,769.369,1.13607
744,770.27,1.13608
745,771.171,1.13566
746,772.072,1.14016
747,772.973,1.14177
748,773.874,1.14934
749,774.775,1.13924
750,775.676,1.14877
751,776.577,1.13869
752,777.477,1.13905
753,778.378,1.14279
754,779.279,1.14054
755,780.18,1.13323
756,781.081,1.12563
757,781.982,1.12739
758,782.883,1.12254
759,783.784,1.12519
760,784.685,1.11233
761,785.586,1.11004
762,786.486,1.11192
763,787.387,1.0969
764,788.288,1.09676
765,789.189,1.09682
766,790.09,1.09154
767,790.991,1.07812
768,791.892,1.07343
769,792.793,1.06926
770,793.694,1.07519
771,794.595,1.06307
772,795.495,1.06499
773,796.396,1.06308
774,797.297,1.0529
775,798.198,1.04891
776,799.099,1.05424
777,800.0,1.04756
778,800.901,1.04101
779,801.802,1.04448
780,802.703,1.038
781,803.604,1.03613
782,804.505,1.03178
783,805.405,1.03998
784,806.306,1.04133
785,807.207,1.0376
786,808.108,1.04116
787,809.009,1.03016
788,809.91,1.03284
789,810.811,1.03601
790,811.712,1.04213
791,812.613,1.04247
792,813.514,1.03604
793,814.414,1.03474
794,815.315,1.03714
795,816.216,1.03804
796,817.117,1.04324
797,818.018,1.03409
798,818.919,1.0411
799,819.82,1.03966
800,820.721,1.03973
801,821.622,1.03789
802,822.523,1.03434
803,823.423,1.02908
804,824.324,1.02674
805,825.225,1.02464
806,826.126,1.02673
807,827.027,1.01497
808,827.928,1.01272
809,828.829,1.01537
810,829.73,1.00495
811,830.631,0.9981
812,831.532,0.99278
813,832.432,0.99379
814,833.333,0.98562
815,834.234,0.98782
816,835.135,0.98083
817,836.036,0.97613
818,836.937,0.9614
819,837.838,0.95313
820,838.739,0.94717
821,839.64,0.94592
822,840.541,0.94245
823,841.441,0.9334
824,842.342,0.92512
825,843.243,0.92177
826,844.144,0.91891
827,845.045,0.91452
828,845.946,0.91067
829,846.847,0.90745
830,847.748,0.90121
831,848.649,0.89103
832,849.55,0.89639
833,850.45,0.88696
834,851.351,0.8878
835,852.252,0.88346
836,853.153,0.88625
837,854.054,0.87862
838,854.955,0.87845
839,855.856,0.87808
840,856.757,0.87702
841,857.658,0.8862
842,858.559,0.88328
843,859.459,0.88132
844,860.36,0.8835
845,861.261,0.89226
846,862.162,0.88825
847,863.063,0.88694
848,863.964,0.89599
849,864.865,0.89637
850,865.766,0.90272
851,866.667,0.89437
852,867.568,0.90114
853,868.468,0.90751
854,869.369,0.90992
855,870.27,0.91283
856,871.171,0.9042
857,872.072,0.90892
858,872.973,0.90828
859,873.874,0.91035
860,874.775,0.92071
861,875.676,0.91673
862,876.577,0.9213
863,877.477,0.91472
864,878.378,0.92047
865,879.279,0.915
866,880.18,0.91198
867,881.081,0.91717
868,881.982,0.91789
869,882.883,0.90629
870,883.784,0.91042
871,884.685,0.90877
872,885.586,0.90183
873,886.486,0.9014
874,887.387,0.89633
875,888.288,0.89467
876,889.189,0.89284
877,890.09,0.89454
878,890.991,0.89279
879,891.892,0.88511
880,892.793,0.88063
881,893.694,0.88241
882,894.595,0.88481
883,895.495,0.8773
884,896.396,0.8775
885,897.297,0.87516
886,898.198,0.88155
887,899.099,0.8782
888,900.0,0.87236
889,900.901,0.87316
890,901.802,0.87742
891,902.703,0.88039
892,903.604,0.88296
893,904.505,0.87828
894,905.405,0.88142
895,906.306,0.89044
896,907.207,0.89001
897,908.108,0.89181
898,909.009,0.89574
899,909.91,0.9074
900,910.811,0.90388
901,911.712,0.91132
902,912.613,0.91337
903,913.514,0.91879
904,914.414,0.92898
905,915.315,0.93544
906,916.216,0.93275
907,917.117,0.93562
908,918.018,0.9468
909,918.919,0.94521
910,919.82,0.94739
911,920.721,0.96252
912,921.622,0.96093
913,922.523,0.96959
914,923.423,0.96822
915,924.324,0.97724
916,925.225,0.97513
917,926.126,0.97414
918,927.027,0.97459
919,927.928,0.98285
920,928.829,0.98535
921,929.73,0.98961
922,930.631,0.9804
923,931.532,0.98703
924,932.432,0.98387
925,933.333,0.98495
926,934.234,0.97978
927,935.135,0.98023
928,936.036,0.98158
929,936.937,0.98465
930,937.838,0.97282
931,938.739,0.97516
932,939.64,0.97651
933,940.541,0.9759
934,941.441,0.96401
935,942.342,0.96045
936,943.243,0.96751
937,944.144,0.96518
938,945.045,0.95661
939,945.946,0.94888
940,946.847,0.95691
941,947.748,0.94817
942,948.649,0.95227
943,949.55,0.94699
944,950.45,0.94781
945,951.351,0.93846
946,952.252,0.94488
947,953.153,0.93731
948,954.054,0.939
949,954.955,0.94411
950,955.856,0.94401
951,956.757,0.93666
952,957.658,0.93778
953,958.559,0.94094
954,959.459,0.94359
955,960.36,0.94346
956,961.261,0.94202
957,962.162,0.94539
958,963.063,0.95316
959,963.964,0.95739
960,964.865,0.94937
961,965.766,0.95792
962,966.667,0.96258
963,967.568,0.95624
964,968.468,0.96808
965,969.369,0.96156
966,970.27,0.96933
967,971.171,0.97055
968,972.072,0.97308
969,972.973,0.97059
970,973.874,0.97303
971,974.775,0.97576
972,975.676,0.97434
973,976.577,0.97724
974,977.477,0.97443
975,978.378,0.9737
976,979.279,0.96769
977,980.18,0.97342
978,981.081,0.97007
979,981.982,0.96482
980,982.883,0.9686
981,983.784,0.96586
982,984.685,0.95872
983,985.586,0.95178
984,986.486,0.9514
985,987.387,0.94283
986,988.288,0.93868
987,989.189,0.93769
988,990.09,0.92884
989,990.991,0.92813
990,991.892,0.92395
991,992.793,0.91327
992,993.694,0.91537
993,994.595,0.90372
994,995.495,0.9066
995,996.396,0.90232
996,997.297,0.89448
997,998.198,0.88455
998,999.099,0.88573
999,1000.0,0.88027
